<?xml version="1.0" encoding="UTF-8" ?>
<!DOCTYPE mapper PUBLIC "-//mybatis.org//DTD Mapper 3.0//EN" "http://mybatis.org/dtd/mybatis-3-mapper.dtd" >
<mapper namespace="com.andy.girl.mapper.music.MusicUserMapper">
    <!--auto generated Code-->
    <resultMap id="AllColumnMap1" type="com.andy.girl.domain.User">
        <result column="id" property="id"/>
        <result column="user_name" property="userName"/>
        <result column="pass_word" property="passWord"/>
        <result column="email" property="email"/>
        <result column="nick_name" property="nickName"/>
        <result column="reg_time" property="regTime"/>
    </resultMap>

    <!--auto generated Code-->
    <sql id="all_column">
        `id`,
        `user_name`,
        `pass_word`,
        `email`,
        `nick_name`,
        `reg_time`
    </sql>

    <!--auto generated Code-->
    <insert id="insert" useGeneratedKeys="true" keyProperty="pojo.id">
        INSERT INTO user (
            `id`,
            `user_name`,
            `pass_word`,
            `email`,
            `nick_name`,
            `reg_time`
        ) VALUES (
            #{pojo.id},
            #{pojo.userName},
            #{pojo.passWord},
            #{pojo.email},
            #{pojo.nickName},
            #{pojo.regTime}
        )
    </insert>

    <!--auto generated Code-->
    <insert id="insertSelective" useGeneratedKeys="true" keyProperty="pojo.id">
        INSERT INTO user
        <trim prefix="(" suffix=")" suffixOverrides=",">
            <if test="pojo.id!=null"> `id`,</if>
            <if test="pojo.userName!=null"> `user_name`,</if>
            <if test="pojo.passWord!=null"> `pass_word`,</if>
            <if test="pojo.email!=null"> `email`,</if>
            <if test="pojo.nickName!=null"> `nick_name`,</if>
            <if test="pojo.regTime!=null"> `reg_time`,</if>
        </trim>
        VALUES
        <trim prefix="(" suffix=")" suffixOverrides=",">
            <if test="pojo.id!=null">#{pojo.id},</if>
            <if test="pojo.userName!=null">#{pojo.userName},</if>
            <if test="pojo.passWord!=null">#{pojo.passWord},</if>
            <if test="pojo.email!=null">#{pojo.email},</if>
            <if test="pojo.nickName!=null">#{pojo.nickName},</if>
            <if test="pojo.regTime!=null">#{pojo.regTime},</if>
        </trim>
    </insert>

    <!--auto generated Code-->
    <insert id="insertList">
        INSERT INTO user (
        <include refid="all_column"/>
        )VALUES
        <foreach collection="pojos" item="pojo" index="index" separator=",">
            (
            #{pojo.id},
            #{pojo.userName},
            #{pojo.passWord},
            #{pojo.email},
            #{pojo.nickName},
            #{pojo.regTime}
            )
        </foreach>
    </insert>

    <!--auto generated Code-->
    <update id="update">
        UPDATE user
        <set>
            <if test="pojo.id != null"> `id` = #{pojo.id}, </if>
            <if test="pojo.userName != null"> `user_name` = #{pojo.userName}, </if>
            <if test="pojo.passWord != null"> `pass_word` = #{pojo.passWord}, </if>
            <if test="pojo.email != null"> `email` = #{pojo.email}, </if>
            <if test="pojo.nickName != null"> `nick_name` = #{pojo.nickName}, </if>
            <if test="pojo.regTime != null"> `reg_time` = #{pojo.regTime} </if>
        </set>
        WHERE id = #{pojo.id}
    </update>
    <select id="finAll" resultMap="AllColumnMap1">
        SELECT * FROM USER
    </select>
</mapper>

